{
  "tau_clf": 0.85,
  "tau_entropy": 0.6,
  "tau_cos": 0.7,
  "tau_margin": 0.1,
  "tau_knn": 0.6,
  "accepted": 13672,
  "coverage": 0.7590495225405285,
  "precision": 0.9830310122878877
}